Trial,Num_Left,Num_Right,Result,Response_Time
1,3,1,Correct,9.0896
2,2,1,Correct,3.079938
3,3,3,Correct,3.7237034
4,1,3,Correct,2.7997415
5,2,3,Correct,3.5002682

Mean Accuracy: 1
Mean Correct Response Time: 4.43865
0132000005
0003
00002
 1.9837526
1814


78

007052
